{
    "GPT_4o": {
        "core_noncot": {
            "num_eval_tasks": 440,
            "num_eval_samples": 6539,
            "num_not_eval_samples": 0,
            "num_total_samples": 6961,
            "macro_mean_score": 0.5187898818829914,
            "micro_mean_score": 0.5127977300993917
        },
        "core_cot": {
            "num_eval_tasks": 440,
            "num_eval_samples": 6539,
            "num_not_eval_samples": 0,
            "num_total_samples": 6961,
            "macro_mean_score": 0.5251654337401854,
            "micro_mean_score": 0.522332974147119
        },
        "open": {
            "num_eval_tasks": 65,
            "num_eval_samples": 1163,
            "num_total_samples": 2448,
            "macro_mean_score": 0.6478225794744895,
            "micro_mean_score": 0.665391229578676
        },
        "overall_score": 0.5409529871515315
    },
    "Gemini_1.5_pro_002": {
        "core_noncot": {
            "num_eval_tasks": 440,
            "num_eval_samples": 6539,
            "num_not_eval_samples": 0,
            "num_total_samples": 6961,
            "macro_mean_score": 0.46887846869580546,
            "micro_mean_score": 0.46403536258864253
        },
        "core_cot": {
            "num_eval_tasks": 440,
            "num_eval_samples": 6539,
            "num_not_eval_samples": 0,
            "num_total_samples": 6961,
            "macro_mean_score": 0.481393687771543,
            "micro_mean_score": 0.4756661334397647
        },
        "open": {
            "num_eval_tasks": 65,
            "num_eval_samples": 1163,
            "num_total_samples": 2448,
            "macro_mean_score": 0.5858190649927173,
            "micro_mean_score": 0.6104901117798793
        },
        "overall_score": 0.4948345779089219
    },
    "Gemini_1.5_flash_002": {
        "core_noncot": {
            "num_eval_tasks": 440,
            "num_eval_samples": 6539,
            "num_not_eval_samples": 0,
            "num_total_samples": 6961,
            "macro_mean_score": 0.4183865592515826,
            "micro_mean_score": 0.41216971462683855
        },
        "core_cot": {
            "num_eval_tasks": 440,
            "num_eval_samples": 6539,
            "num_not_eval_samples": 0,
            "num_total_samples": 6961,
            "macro_mean_score": 0.4183865592515826,
            "micro_mean_score": 0.41216971462683855
        },
        "open": {
            "num_eval_tasks": 65,
            "num_eval_samples": 1163,
            "num_total_samples": 2168,
            "macro_mean_score": 0.5691365176285039,
            "micro_mean_score": 0.5987532244196045
        },
        "overall_score": 0.4377900192406913
    },
    "Claude_3.5": {
        "core_noncot": {
            "num_eval_tasks": 440,
            "num_eval_samples": 6539,
            "num_not_eval_samples": 0,
            "num_total_samples": 6961,
            "macro_mean_score": 0.4863241841253708,
            "micro_mean_score": 0.4798092874490549
        },
        "core_cot": {
            "num_eval_tasks": 440,
            "num_eval_samples": 6539,
            "num_not_eval_samples": 0,
            "num_total_samples": 6961,
            "macro_mean_score": 0.5023557473841108,
            "micro_mean_score": 0.4985442599850241
        },
        "open": {
            "num_eval_tasks": 65,
            "num_eval_samples": 1163,
            "num_total_samples": 2288,
            "macro_mean_score": 0.6373907158949892,
            "micro_mean_score": 0.6569647463456579
        },
        "overall_score": 0.519736485905313
    },
    "GPT_4o_mini": {
        "core_noncot": {
            "num_eval_tasks": 440,
            "num_eval_samples": 6539,
            "num_not_eval_samples": 0,
            "num_total_samples": 6961,
            "macro_mean_score": 0.3974259652331149,
            "micro_mean_score": 0.392578163407945
        },
        "core_cot": {
            "num_eval_tasks": 440,
            "num_eval_samples": 6539,
            "num_not_eval_samples": 0,
            "num_total_samples": 6961,
            "macro_mean_score": 0.4070959243997505,
            "micro_mean_score": 0.40376078514357017
        },
        "open": {
            "num_eval_tasks": 65,
            "num_eval_samples": 1163,
            "num_total_samples": 1224,
            "macro_mean_score": 0.586537827213665,
            "micro_mean_score": 0.6133276010318144
        },
        "overall_score": 0.43019240694015537
    },
    "Qwen2_VL_72B": {
        "core_noncot": {
            "num_eval_tasks": 440,
            "num_eval_samples": 6539,
            "num_not_eval_samples": 0,
            "num_total_samples": 6961,
            "macro_mean_score": 0.4623988230573754,
            "micro_mean_score": 0.4568583770401895
        },
        "core_cot": {
            "num_eval_tasks": 440,
            "num_eval_samples": 6539,
            "num_not_eval_samples": 0,
            "num_total_samples": 6961,
            "macro_mean_score": 0.45284699372478177,
            "micro_mean_score": 0.4487693487093462
        },
        "open": {
            "num_eval_tasks": 65,
            "num_eval_samples": 1163,
            "num_total_samples": 2448,
            "macro_mean_score": 0.5639771804231668,
            "micro_mean_score": 0.5835339638865004
        },
        "overall_score": 0.4754732650945565
    },
    "Qwen2_VL_7B": {
        "core_noncot": {
            "num_eval_tasks": 440,
            "num_eval_samples": 6539,
            "num_not_eval_samples": 0,
            "num_total_samples": 6961,
            "macro_mean_score": 0.34725455697890745,
            "micro_mean_score": 0.34344091516995323
        },
        "core_cot": {
            "num_eval_tasks": 440,
            "num_eval_samples": 6539,
            "num_not_eval_samples": 0,
            "num_total_samples": 6961,
            "macro_mean_score": 0.3284357723853296,
            "micro_mean_score": 0.32443422147119677
        },
        "open": {
            "num_eval_tasks": 65,
            "num_eval_samples": 1170,
            "num_total_samples": 2452,
            "macro_mean_score": 0.43955105763038577,
            "micro_mean_score": 0.45508547008546996
        },
        "overall_score": 0.35913430458751355
    },
    "llava_onevision_72B": {
        "core_noncot": {
            "num_eval_tasks": 440,
            "num_eval_samples": 6539,
            "num_not_eval_samples": 0,
            "num_total_samples": 6961,
            "macro_mean_score": 0.31960132549012704,
            "micro_mean_score": 0.3173848563095166
        },
        "core_cot": {
            "num_eval_tasks": 440,
            "num_eval_samples": 6539,
            "num_not_eval_samples": 0,
            "num_total_samples": 6961,
            "macro_mean_score": 0.29725827011768174,
            "micro_mean_score": 0.2954433666362564
        },
        "open": {
            "num_eval_tasks": 65,
            "num_eval_samples": 1163,
            "num_total_samples": 1224,
            "macro_mean_score": 0.4599484231632498,
            "micro_mean_score": 0.4850386930352536
        },
        "overall_score": 0.33766580340844976
    },
    "llava_onevision_7B": {
        "core_noncot": {
            "num_eval_tasks": 440,
            "num_eval_samples": 6539,
            "num_not_eval_samples": 0,
            "num_total_samples": 6961,
            "macro_mean_score": 0.2239290419841492,
            "micro_mean_score": 0.22222171180488767
        },
        "core_cot": {
            "num_eval_tasks": 440,
            "num_eval_samples": 6539,
            "num_not_eval_samples": 0,
            "num_total_samples": 6961,
            "macro_mean_score": 0.21347545703998197,
            "micro_mean_score": 0.210586172002703
        },
        "open": {
            "num_eval_tasks": 65,
            "num_eval_samples": 1163,
            "num_total_samples": 2448,
            "macro_mean_score": 0.33979975321921935,