{
    "GPT_4o": {
        "core_noncot": {
            "num_eval_tasks": 440,
            "num_eval_samples": 6539,
            "num_not_eval_samples": 0,
            "macro_mean_score": 0.5203440930873326,
            "micro_mean_score": 0.514302640282204
        },
        "core_cot": {
            "num_eval_tasks": 440,
            "num_eval_samples": 6539,
            "num_not_eval_samples": 0,
            "macro_mean_score": 0.5265030595065238,
            "micro_mean_score": 0.5236338521693411
        },
        "open": {
            "num_eval_tasks": 65,
            "num_eval_samples": 1163,
            "macro_mean_score": 0.6478225794744895,
            "micro_mean_score": 0.665391229578676
        },
        "overall_score": 0.5421184432647768
    },
    "Gemini_1.5_pro_002": {
        "core_noncot": {
            "num_eval_tasks": 440,
            "num_eval_samples": 6539,
            "num_not_eval_samples": 0,
            "macro_mean_score": 0.4699992918320008,
            "micro_mean_score": 0.4651116133689296
        },
        "core_cot": {
            "num_eval_tasks": 440,
            "num_eval_samples": 6539,
            "num_not_eval_samples": 0,
            "macro_mean_score": 0.4822473962867704,
            "micro_mean_score": 0.4764805563057179
        },
        "open": {
            "num_eval_tasks": 65,
            "num_eval_samples": 1163,
            "macro_mean_score": 0.5858190649927173,
            "micro_mean_score": 0.6104901117798793
        },
        "overall_score": 0.4955784031499121
    },
    "Gemini_1.5_flash_002": {
        "core_noncot": {
            "num_eval_tasks": 440,
            "num_eval_samples": 6539,
            "num_not_eval_samples": 0,
            "macro_mean_score": 0.41898948981774853,
            "micro_mean_score": 0.4127376993779598
        },
        "core_cot": {
            "num_eval_tasks": 440,
            "num_eval_samples": 6539,
            "num_not_eval_samples": 0,
            "macro_mean_score": 0.4189319021967416,
            "micro_mean_score": 0.41567515414375245
        },
        "open": {
            "num_eval_tasks": 65,
            "num_eval_samples": 1163,
            "macro_mean_score": 0.5691365176285039,
            "micro_mean_score": 0.5987532244196045
        },
        "overall_score": 0.43831534488249924
    },
    "Claude_3.5": {
        "core_noncot": {
            "num_eval_tasks": 440,
            "num_eval_samples": 6539,
            "num_not_eval_samples": 0,
            "macro_mean_score": 0.48800427486796155,
            "micro_mean_score": 0.4814327812005499
        },
        "core_cot": {
            "num_eval_tasks": 440,
            "num_eval_samples": 6539,
            "num_not_eval_samples": 0,
            "macro_mean_score": 0.5040975742801586,
            "micro_mean_score": 0.5002259116666758
        },
        "open": {
            "num_eval_tasks": 65,
            "num_eval_samples": 1163,
            "macro_mean_score": 0.6373907158949892,
            "micro_mean_score": 0.6569647463456579
        },
        "overall_score": 0.5212541172602853
    },
    "Claude_3.5_new": {
        "core_noncot": {
            "num_eval_tasks": 440,
            "num_eval_samples": 6539,
            "num_not_eval_samples": 0,
            "macro_mean_score": 0.4919657684484185,
            "micro_mean_score": 0.4874520567007144
        },
        "core_cot": {
            "num_eval_tasks": 440,
            "num_eval_samples": 6539,
            "num_not_eval_samples": 0,
            "macro_mean_score": 0.5259191914020757,
            "micro_mean_score": 0.5230785894131227
        },
        "open": {
            "num_eval_tasks": 65,
            "num_eval_samples": 1163,
            "macro_mean_score": 0.6563419761104125,
            "micro_mean_score": 0.6724419604471196
        },
        "overall_score": 0.5427062825031487
    },
    "GPT_4o_mini": {
        "core_noncot": {
            "num_eval_tasks": 440,
            "num_eval_samples": 6539,
            "num_not_eval_samples": 0,
            "macro_mean_score": 0.39854757130003565,
            "micro_mean_score": 0.3936551517403452
        },
        "core_cot": {
            "num_eval_tasks": 440,
            "num_eval_samples": 6539,
            "num_not_eval_samples": 0,
            "macro_mean_score": 0.40767494558789397,
            "micro_mean_score": 0.40431644154143376
        },
        "open": {
            "num_eval_tasks": 65,
            "num_eval_samples": 1163,
            "macro_mean_score": 0.586537827213665,
            "micro_mean_score": 0.6133276010318144
        },
        "overall_score": 0.43069690064863675
    },
    "Qwen2_VL_72B": {
        "core_noncot": {
            "num_eval_tasks": 440,
            "num_eval_samples": 6539,
            "num_not_eval_samples": 0,
            "macro_mean_score": 0.46406654108789214,
            "micro_mean_score": 0.4584702152011697
        },
        "core_cot": {
            "num_eval_tasks": 440,
            "num_eval_samples": 6539,
            "num_not_eval_samples": 0,
            "macro_mean_score": 0.4542376574527161,
            "micro_mean_score": 0.4501201906164793
        },
        "open": {
            "num_eval_tasks": 65,
            "num_eval_samples": 1163,
            "macro_mean_score": 0.5639771804231668,
            "micro_mean_score": 0.5835339638865004
        },
        "overall_score": 0.4769263263488681
    },
    "Qwen2_VL_7B": {
        "core_noncot": {
            "num_eval_tasks": 440,
            "num_eval_samples": 6539,
            "num_not_eval_samples": 0,
            "macro_mean_score": 0.3480020832611913,
            "micro_mean_score": 0.3441858958345098
        },
        "core_cot": {
            "num_eval_tasks": 440,
            "num_eval_samples": 6539,
            "num_not_eval_samples": 0,
            "macro_mean_score": 0.3293449599230247,
            "micro_mean_score": 0.325331493515679
        },
        "open": {
            "num_eval_tasks": 65,
            "num_eval_samples": 1170,
            "macro_mean_score": 0.43955105763038577,
            "micro_mean_score": 0.45508547008546996
        },
        "overall_score": 0.3597856146156421
    },
    "llava_onevision_72B": {
        "core_noncot": {
            "num_eval_tasks": 440,
            "num_eval_samples": 6539,
            "num_not_eval_samples": 0,
            "macro_mean_score": 0.3199332158220174,
            "micro_mean_score": 0.31770770553892647
        },
        "core_cot": {
            "num_eval_tasks": 440,
            "num_eval_samples": 6539,
            "num_not_eval_samples": 0,
            "macro_mean_score": 0.2974368415462532,
            "micro_mean_score": 0.2956217833156672
        },
        "open": {
            "num_eval_tasks": 65,
            "num_eval_samples": 1163,
            "macro_mean_score": 0.4599484231632498,
            "micro_mean_score": 0.4850386930352536
        },
        "overall_score": 0.33795497518277007
    },
    "llava_onevision_7B": {
        "core_noncot": {
            "num_eval_tasks": 440,
            "num_eval_samples": 6539,
            "num_not_eval_samples": 0,
            "macro_mean_score": 0.22409531510496777,
            "micro_mean_score": 0.22238854298563537
        },
        "core_cot": {
            "num_eval_tasks": 440,
            "num_eval_samples": 6539,
            "num_not_eval_samples": 0,
            "macro_mean_score": 0.21362697219149712,
            "micro_mean_score": 0.21073910058505504
        },
        "open": {
            "num_eval_tasks": 65,
            "num_eval_samples": 1163,
            "macro_mean_score": 0.33979975321921935,
            "micro_mean_score": 0.36474634565778147
        },
        "overall_score": 0.23898796555531696
    },
    "InternVL2_76B": {
        "core_noncot": {
            "num_eval_tasks": 440,
            "num_eval_samples": 6539,
            "num_not_eval_samples": 0,